Key,Value
<PAD>,0
<START>,1
<STOP>,2
<UNK>,3
"
",4
!,5
#,6
$,7
%,8
&,9
',10
(,11
),12
*,13
+,14
",",15
-,16
.,17
/,18
0123456789abcdef,19
0f,20
1000000007u,21
10e9,22
10ll,23
10ull,24
1L,25
1LL,26
1UL,27
1ULL,28
1e,29
1e10,30
1e14,31
1e4,32
1e5,33
1e6,34
1e9,35
1u,36
2147483648LL,37
248115287320373657LL,38
26LL,39
2e5,40
2e9,41
2ll,42
:,43
;,44
<,45
<CNUM>,46
<STRING_0>,47
<STRING_10>,48
<STRING_11>,49
<STRING_12>,50
<STRING_13>,51
<STRING_14>,52
<STRING_15>,53
<STRING_16>,54
<STRING_17>,55
<STRING_18>,56
<STRING_19>,57
<STRING_1>,58
<STRING_20>,59
<STRING_21>,60
<STRING_22>,61
<STRING_23>,62
<STRING_24>,63
<STRING_25>,64
<STRING_26>,65
<STRING_27>,66
<STRING_2>,67
<STRING_3>,68
<STRING_4>,69
<STRING_5>,70
<STRING_6>,71
<STRING_7>,72
<STRING_8>,73
<STRING_9>,74
=,75
>,76
?,77
@,78
A,79
AEIOUaeiou,80
ANIMAL_STYLE,81
Apr,82
Aug,83
B,84
Billion,85
Bronze,86
Buzz,87
C,88
CC,89
CCC,90
CD,91
CM,92
CalcRobNotRob,93
Card,94
Count,95
D,96
DC,97
DCC,98
DCCC,99
Data,100
Dec,101
E,102
EXIT_FAILURE,103
East,104
Eight,105
Eighteen,106
Eighty,107
Eleven,108
F,109
FROM,110
Feb,111
Fifteen,112
Fifty,113
Five,114
Fizz,115
FizzBuzz,116
Forty,117
Four,118
Fourteen,119
Friday,120
G,121
Gold,122
H,123
HERE,124
Heap,125
High,126
Hundred,127
I,128
II,129
III,130
INFINITY,131
INT32_MAX,132
INT32_MIN,133
IPv4,134
IPv6,135
IV,136
IX,137
Infinite,138
InsertAtEnd,139
J,140
Jan,141
Jul,142
Jun,143
K,144
Kind,145
L,146
LLRotation,147
LOG,148
LX,149
LXX,150
LXXX,151
M,152
MDCLXVI,153
MM,154
MMM,155
M_func_2_cut,156
Mar,157
May,158
Medal,159
Million,160
Monday,161
N,162
NULL,163
N_func_2_cut,164
Neither,165
NestedInteger,166
NestedIntegerAdd,167
NestedIntegerGetInteger,168
NestedIntegerGetList,169
NestedIntegerGetListSize,170
NestedIntegerInit,171
NestedIntegerIsInteger,172
NestedIntegerSetInteger,173
Nine,174
Nineteen,175
Ninety,176
No,177
Node,178
North,179
Nov,180
NumArray,181
O,182
ORIGINAL,183
Oct,184
One,185
P,186
Plant,187
Pop,188
Push,189
Q,190
Quadrillion,191
R,192
RECTIFICATION,193
S,194
SIZE_MAX,195
STACK_COUNT,196
STACK_EMPTY,197
STACK_POP,198
STACK_PUSH,199
Saturday,200
Sep,201
Seven,202
Seventeen,203
Seventy,204
Silver,205
Six,206
Sixteen,207
Sixty,208
Solution,209
South,210
Sunday,211
T,212
TWENTY,213
Ten,214
Thirteen,215
Thirty,216
Thousand,217
Three,218
Thursday,219
TreeNode,220
Trillion,221
Tuesday,222
Twelve,223
Twenty,224
Two,225
U,226
UINT32_C,227
V,228
VI,229
VII,230
VIII,231
W,232
Wednesday,233
West,234
X,235
XC,236
XL,237
XX,238
XXX,239
Y,240
Z,241
Zero,242
[,243
\,244
],245
^,246
_,247
__ATOMIC_SEQ_CST,248
__INT_MAX__,249
__atomic_fetch_add,250
__attribute__,251
__builtin_clz,252
__builtin_ctz,253
__builtin_mul_overflow,254
__builtin_popcount,255
__builtin_popcountll,256
__func_1,257
__func_2,258
__gcd,259
_arr,260
_data,261
_date,262
_func_1,263
_node,264
_node_trace,265
_que,266
a,267
abc,268
abcdefghijklmnopqrstuvwxyz,269
abs,270
aligned,271
alloca,272
arr,273
asdfghjkl,274
assert,275
atoi,276
atol,277
atoll,278
auto,279
avlTreeInsertion,280
b,281
balloon,282
bool,283
break,284
bsearch,285
bzero,286
c,287
calloc,288
cannot,289
case,290
ceil,291
char,292
check_balance_factor,293
class,294
cmp,295
cmpfunc,296
cnt,297
compare,298
const,299
continue,300
convertToBase7,301
copy_arr,302
count,303
createNode,304
create_func_2,305
d,306
def,307
default,308
deposit,309
derdnuH,310
dfs,311
dfsCycle,312
dnasuohT,313
do,314
double,315
e,316
eerhT,317
else,318
enO,319
endif,320
eniN,321
entranceSize,322
entry,323
enum,324
eviF,325
evlewT,326
exit,327
f,328
fabs,329
false,330
findfunc_1,331
firstfunc_1,332
float,333
floor,334
fmax,335
fmaxl,336
fmin,337
fminl,338
for,339
free,340
func_1,341
func_10,342
func_11,343
func_12,344
func_13,345
func_14,346
func_15,347
func_16,348
func_17,349
func_18,350
func_1AncestorDiff,351
func_1BST,352
func_1BottomLeftValue,353
func_1ChunksToSorted,354
func_1CircleNum,355
func_1Clear,356
func_1ConsecutiveAnswers,357
func_1Core,358
func_1Depth,359
func_1EachWord,360
func_1Equiv,361
func_1FinalValue,362
func_1Find,363
func_1Grandparent,364
func_1Helper,365
func_1Inclusion,366
func_1Int,367
func_1KLists,368
func_1LengthBetweenEqualCharacters,369
func_1LevelSum,370
func_1Link,371
func_1MaxGame,372
func_1NodeList,373
func_1Num,374
func_1Number,375
func_1OfFour,376
func_1Pairs,377
func_1Parenthesis,378
func_1Product,379
func_1Profit,380
func_1Profit2,381
func_1Recur,382
func_1RedundantConnection,383
func_1RootToLeaf,384
func_1Satisfaction,385
func_1ScoreSightseeingPair,386
func_1Sort,387
func_1Str,388
func_1SubarraySumCircular,389
func_1Sum,390
func_1Target,391
func_1ToInt,392
func_1Traversal,393
func_1Tree,394
func_1Trees,395
func_1UniqueSplit,396
func_1ValueOfCoins,397
func_1VowelStrings,398
func_1WidthRamp,399
func_1WithStep,400
func_1Words,401
func_1_,402
func_1_DeepSearch,403
func_1_Recursion,404
func_1_array,405
func_1_count,406
func_1_ex,407
func_1_len,408
func_1_r,409
func_1_rec,410
func_1_right_by_one,411
func_1_score,412
func_1_sort,413
func_1_sort_r,414
func_1dDigits,415
func_1erseStr,416
func_1function,417
func_1ialize,418
func_1ify,419
func_1imumProduct,420
func_1imumScore,421
func_1imumSum,422
func_1imumXOR,423
func_1inations,424
func_1ing,425
func_1pedSize,426
func_1r,427
func_1sort,428
func_1umTop,429
func_1x,430
func_2,431
func_21,432
func_22,433
func_22Tree,434
func_23,435
func_2Hash,436
func_2Interval,437
func_2Pairs,438
func_2Sort,439
func_2_1,440
func_2_3,441
func_2_4,442
func_2_free,443
func_2_index,444
func_2_memo,445
func_2_sort,446
func_2_sort_r,447
func_2sort,448
func_2sum,449
func_3,450
func_3BST,451
func_3BarCreate,452
func_3Node,453
func_3Year,454
func_3_1,455
func_3_2,456
func_4,457
func_4Node,458
func_4W,459
func_5,460
func_6,461
func_7,462
func_7ForOffset,463
func_8,464
func_9,465
g,466
gcd,467
getResult,468
ghi,469
go_robot,470
goto,471
guess,472
h,473
hashmap,474
heightImbalancingNode,475
helper,476
i,477
if,478
ifdef,479
inOrderTraversal,480
inline,481
inorder,482
insertion,483
int,484
int64_t,485
int8_t,486
isBadVersion,487
is_vowel,488
isalnum,489
isalpha,490
isdigit,491
islower,492
isnum,493
issign,494
isspace,495
isupper,496
isxdigit,497
j,498
jkl,499
judge_db3,500
k,501
kthGrammar,502
l,503
lhs,504
list,505
llabs,506
log,507
log10,508
log2,509
long,510
m,511
makeInorderVector,512
malloc,513
max,514
maxIn4,515
maximum,516
memcmp,517
memcpy,518
memfunc_1,519
memfunc_4,520
memmove,521
memory,522
memset,523
mergeTwoArrays,524
min,525
minIn4,526
minimumfunc_2ingDistance,527
mno,528
myCircularDequeNode,529
n,530
nAFTER,531
nORIGINAL,532
neT,533
neeteniN,534
neetfiF,535
neethgiE,536
neetneveS,537
neetrihT,538
neetruoF,539
neetxiS,540
neighbor_list,541
neveS,542
nevelE,543
newNode,544
node,545
noilliB,546
noilliM,547
null,548
o,549
obstaclesColSizes,550
occurerences,551
occurrences,552
out,553
owT,554
p,555
pair,556
percfunc_8wn,557
perror,558
pickupCoefficient,559
point,560
pop,561
poppedSize,562
pow,563
pp,564
pqrs,565
process,566
pthread_yield,567
push,568
puts,569
q,570
qfunc_1,571
qfunc_2,572
qfunc_2rt,573
qsort,574
quick_sort,575
qwertyuiop,576
r,577
rand,578
rand7,579
random,580
realloc,581
record,582
recursion,583
recursiveSearch,584
register,585
restartedfunc_1,586
result,587
return,588
returnfunc_1,589
returnfunc_2,590
reverse_arr,591
rhs,592
roman_size,593
round,594
ruoF,595
s,596
sanityCheck,597
scanf,598
sched_yield,599
searchBST,600
short,601
signed,602
size_t,603
sizeof,604
solution,605
solutions,606
sqrt,607
srand,608
sscanf,609
ssize_t,610
stack,611
stackt,612
static,613
strcasecmp,614
strcat,615
strchr,616
strcmp,617
strcpy,618
strdup,619
strfunc_1,620
strfunc_2,621
strfunc_3,622
strfunc_4,623
strlen,624
strncat,625
strncmp,626
strncpy,627
strnfunc_1,628
strnfunc_2,629
strpbrk,630
strsep,631
strspn,632
strstr,633
strtok,634
strtok_r,635
strtol,636
strtoul,637
struct,638
sum,639
swap,640
swap_int,641
swap_ints,642
switch,643
t,644
thgiE,645
time,646
tolower,647
toupper,648
tree,649
true,650
tuv,651
typedef,652
u,653
uint16_t,654
uint32_t,655
uint64_t,656
uint8_t,657
undef,658
unfind,659
union,660
union_func_2,661
unsigned,662
updateHeight,663
usleep,664
v,665
valid,666
var_0,667
var_1,668
var_10,669
var_11,670
var_12,671
var_13,672
var_14,673
var_15,674
var_16,675
var_17,676
var_18,677
var_19,678
var_2,679
var_20,680
var_21,681
var_22,682
var_23,683
var_24,684
var_25,685
var_26,686
var_27,687
var_28,688
var_29,689
var_3,690
var_30,691
var_31,692
var_32,693
var_33,694
var_34,695
var_35,696
var_36,697
var_37,698
var_38,699
var_39,700
var_4,701
var_40,702
var_41,703
var_42,704
var_43,705
var_44,706
var_45,707
var_46,708
var_47,709
var_48,710
var_49,711
var_5,712
var_50,713
var_51,714
var_52,715
var_53,716
var_54,717
var_55,718
var_56,719
var_57,720
var_58,721
var_59,722
var_6,723
var_7,724
var_8,725
var_9,726
void,727
volatile,728
w,729
while,730
withdraw,731
wxyz,732
x,733
xiS,734
y,735
yteniN,736
ytfiF,737
ythgiE,738
ytneveS,739
ytnewT,740
ytrihT,741
ytroF,742
ytxiS,743
z,744
zxcvbnm,745
{,746
|,747
},748
~,749
ï¿½,750
